{
  "title": "Home1",
  "image": null,
  "mobileHide": false,
  "mobileOrder": 4,
  "configuration": {
    "description": "Home",
    "widgets": {
      "f2c54c13-ddcf-12ce-eb75-b6dc5708793a": {
        "isSystemType": true,
        "bundleAlias": "digital_gauges",
        "typeAlias": "simple_neon_gauge_justgage",
        "type": "latest",
        "title": "New widget",
        "image": null,
        "description": null,
        "sizeX": 3,
        "sizeY": 3,
        "config": {
          "datasources": [
            {
              "type": "entity",
              "name": null,
              "entityAliasId": "6d6c5035-a5a9-27ab-e5e7-69740c0a51c5",
              "filterId": null,
              "dataKeys": [
                {
                  "name": "type",
                  "type": "entityField",
                  "label": "Type",
                  "color": "#2196f3",
                  "settings": {},
                  "_hash": 0.23950094051590454
                }
              ]
            }
          ],
          "timewindow": {
            "displayValue": "",
            "selectedTab": 0,
            "realtime": {
              "realtimeType": 1,
              "interval": 1000,
              "timewindowMs": 60000,
              "quickInterval": "CURRENT_DAY"
            },
            "history": {
              "historyType": 0,
              "interval": 1000,
              "timewindowMs": 60000,
              "fixedTimewindow": {
                "startTimeMs": 1692506047641,
                "endTimeMs": 1692592447641
              },
              "quickInterval": "CURRENT_DAY"
            },
            "aggregation": {
              "type": "AVG",
              "limit": 25000
            }
          },
          "showTitle": false,
          "backgroundColor": "#fffbfb",
          "color": "rgba(255, 254, 254, 0.87)",
          "padding": "0px",
          "settings": {
            "minValue": 0,
            "maxValue": 100,
            "gaugeType": "donut",
            "donutStartAngle": 90,
            "gaugeWidthScale": 1,
            "neonGlowBrightness": 40,
            "dashThickness": 1.5,
            "roundedLineCap": false,
            "useFixedLevelColor": false,
            "levelColors": [],
            "showTitle": true,
            "title": "Current",
            "titleFont": {
              "family": "Roboto",
              "size": 12,
              "style": "normal",
              "weight": "500"
            },
            "showUnitTitle": false,
            "showTimestamp": false,
            "showValue": true,
            "valueFont": {
              "family": "Segment7Standard",
              "size": 20,
              "style": "normal",
              "weight": "500",
              "color": null
            },
            "showMinMax": true,
            "minMaxFont": {
              "family": "Segment7Standard",
              "size": 12,
              "style": "normal",
              "weight": "500"
            },
            "showTicks": false,
            "animation": true,
            "animationDuration": 500,
            "animationRule": "linear"
          },
          "title": "New Simple neon gauge",
          "dropShadow": true,
          "enableFullscreen": false,
          "titleStyle": {
            "fontSize": "16px",
            "fontWeight": 400
          },
          "widgetStyle": {},
          "useDashboardTimewindow": true,
          "showLegend": false,
          "actions": {},
          "widgetCss": "",
          "pageSize": 1024,
          "noDataDisplayMessage": "",
          "units": "A",
          "decimals": 2
        },
        "row": 0,
        "col": 0,
        "id": "f2c54c13-ddcf-12ce-eb75-b6dc5708793a"
      },
      "8707dc2a-2700-51b5-b2c2-67b1e85f68d4": {
        "isSystemType": true,
        "bundleAlias": "cards",
        "typeAlias": "html_value_card",
        "type": "latest",
        "title": "New widget",
        "image": null,
        "description": null,
        "sizeX": 7.5,
        "sizeY": 3,
        "config": {
          "datasources": [
            {
              "type": "entity",
              "name": null,
              "entityAliasId": "6d6c5035-a5a9-27ab-e5e7-69740c0a51c5",
              "filterId": null,
              "dataKeys": [
                {
                  "name": "energy",
                  "type": "timeseries",
                  "label": "energy",
                  "color": "#2196f3",
                  "settings": {},
                  "_hash": 0.3649539458314164
                }
              ]
            }
          ],
          "timewindow": {
            "displayValue": "",
            "selectedTab": 0,
            "realtime": {
              "realtimeType": 1,
              "interval": 1000,
              "timewindowMs": 60000,
              "quickInterval": "CURRENT_DAY"
            },
            "history": {
              "historyType": 0,
              "interval": 1000,
              "timewindowMs": 60000,
              "fixedTimewindow": {
                "startTimeMs": 1692506047641,
                "endTimeMs": 1692592447641
              },
              "quickInterval": "CURRENT_DAY"
            },
            "aggregation": {
              "type": "AVG",
              "limit": 25000
            }
          },
          "showTitle": false,
          "backgroundColor": "#fff",
          "color": "rgba(0, 0, 0, 0.87)",
          "padding": "0px",
          "settings": {
            "cardHtml": "<div class='card' id=\"energyConsumptionHtmlCard\">\n    <div class='content'>\n       <div class='upper-bar'>\n           <video loop muted autoplay>\n               <source src=\"https://thingsboard.io/images/dashboards/districts/energy-consumed-bg.mp4\" type=\"video/mp4\">\n               <source src=\"https://thingsboard.io/images/dashboards/districts/energy-consumed-bg.webm\" type=\"video/webm\">\n           </video>\n            <div class='image-shade'>\n                <h1>Total</h1>\n                <div class='value'>${energy:2} kWh</div>\n            </div>\n       </div>\n       <div class='lower-bar'>\n           <div class='icon-container'>\n               <div class='material-icons icon'>flash_on</div>\n           </div>\n           <div class='description'>Energy consumed per minute</div>\n       </div>\n       <div class='right-top-bar'>\n           <div class='icon-container'>\n               <div id='open-statistics' class='material-icons icon'>flash_on</div>\n           </div>\n       </div>\n    </div>\n</div>\n",
            "cardCss": ".card,\n.card * {\n    box-sizing: border-box;\n}    \n.card {\n    position: relative;\n    width: 100%;\n    height: 100%;\n}\n.card .content {\n    height: 100%;\n}\n.card .upper-bar {\n    position: relative;\n    z-index: 0;\n    overflow: hidden;\n    height: 70%;\n    box-shadow: 0 1px 3px 0 rgba(0,0,0,.26);\n    color: #fff;\n}\n.card .lower-bar {\n    height: 30%;\n    padding-left: 16px;\n    display: flex;\n    flex-direction: row;\n    align-items: center;\n}\n\n.card .right-top-bar {\n    display: none;\n    position: absolute;\n    top: 10px;\n    right: 10px;\n    display: flex;\n    flex-direction: row;\n    align-items: center;\n}\n\n.card .right-top-bar .icon-container {\n    display: none;\n    box-shadow: 0px 0px 4px 2px rgba(0,0,0,.26);\n    cursor: pointer;\n    border: 3px solid #fff;\n    color: #fff;\n    background-color: rgb(255, 157, 12);\n}\n\n.card .right-top-bar .icon-container .icon {\n    color: #fff;\n}\n\n.card .right-top-bar .icon-container:hover {\n    border: 3px solid rgb(255, 157, 12);\n    color: rgb(255, 157, 12);\n    background-color: #fff;\n}\n\n.card .right-top-bar .icon-container:hover .icon {\n    color: rgb(255, 157, 12);\n}\n\n.card .image-shade {\n    width: 100%;\n    height: 100%;\n    padding-left: 16px;\n    display: flex;\n    flex-direction: column;\n    justify-content: center;\n    background-color: rgba(255, 157, 12, .5);\n    z-index: 0;\n}\n.card h1 {\n    margin: 0;\n    font-size: 20px;\n    font-weight: bold;\n    line-height: 30px;\n}\n.card .icon-container {\n    height: 40px;\n    width: 40px;\n    border-radius: 50%;\n    border: 3px solid rgb(255, 157, 12);\n    text-align: center;\n}\n.card .description {\n    margin-left: 16px;\n    font-size: 20px;\n    font-weight: 500;\n    color: rgb(255, 157, 12);\n}\n.card .value {\n    font-size: 40px;\n    font-weight: 300;\n    letter-spacing: -2px;\n}\n.card .icon {\n    line-height: 36px;\n    color: rgb(255, 157, 12);\n}\n.card video {\n    position: absolute;\n    top: 75%;\n    left: 0;\n    width: 160%;\n    z-index: -1;\n    transform: translateY(-70%);\n}"
          },
          "title": "New HTML Value Card",
          "dropShadow": false,
          "enableFullscreen": true,
          "widgetStyle": {},
          "titleStyle": {
            "fontSize": "16px",
            "fontWeight": 400
          },
          "useDashboardTimewindow": true,
          "showLegend": false,
          "actions": {}
        },
        "row": 0,
        "col": 0,
        "id": "8707dc2a-2700-51b5-b2c2-67b1e85f68d4"
      },
      "541fa2ab-96b4-9e6c-ce37-2fbc82c1361a": {
        "isSystemType": true,
        "bundleAlias": "charts",
        "typeAlias": "timeseries_bars_flot",
        "type": "timeseries",
        "title": "New widget",
        "image": null,
        "description": null,
        "sizeX": 8,
        "sizeY": 5,
        "config": {
          "datasources": [
            {
              "type": "entity",
              "name": null,
              "entityAliasId": "6d6c5035-a5a9-27ab-e5e7-69740c0a51c5",
              "filterId": null,
              "dataKeys": [
                {
                  "name": "energy",
                  "type": "timeseries",
                  "label": "Energy Consumed",
                  "color": "#2196f3",
                  "settings": {},
                  "_hash": 0.14071452863206702,
                  "aggregationType": null,
                  "units": null,
                  "decimals": null,
                  "funcBody": null,
                  "usePostProcessing": null,
                  "postFuncBody": null
                }
              ],
              "latestDataKeys": []
            }
          ],
          "timewindow": {
            "realtime": {
              "timewindowMs": 60000
            },
            "aggregation": {
              "limit": 200,
              "type": "AVG"
            }
          },
          "showTitle": true,
          "backgroundColor": "#fff",
          "color": "rgba(0, 0, 0, 0.87)",
          "padding": "8px",
          "settings": {
            "stack": true,
            "fontSize": 10,
            "fontColor": "#545454",
            "showTooltip": true,
            "tooltipIndividual": false,
            "tooltipCumulative": false,
            "hideZeros": false,
            "grid": {
              "verticalLines": false,
              "horizontalLines": true,
              "outlineWidth": 1,
              "color": "#545454",
              "backgroundColor": null,
              "tickColor": "#DDDDDD"
            },
            "xaxis": {
              "title": null,
              "showLabels": true,
              "color": "#545454"
            },
            "yaxis": {
              "min": null,
              "max": null,
              "title": null,
              "showLabels": true,
              "color": "#545454",
              "tickSize": null,
              "tickDecimals": 0,
              "ticksFormatter": ""
            },
            "defaultBarWidth": 600,
            "barAlignment": "left",
            "comparisonEnabled": false,
            "xaxisSecond": {
              "axisPosition": "top",
              "title": null,
              "showLabels": true
            },
            "customLegendEnabled": false
          },
          "title": "Energy consumption",
          "dropShadow": false,
          "enableFullscreen": true,
          "titleStyle": {
            "fontSize": "16px",
            "fontWeight": 400
          },
          "widgetStyle": {},
          "useDashboardTimewindow": true,
          "showLegend": true,
          "actions": {},
          "showTitleIcon": false,
          "titleTooltip": "",
          "widgetCss": "",
          "pageSize": 1024,
          "units": "kWh",
          "decimals": 4,
          "noDataDisplayMessage": "",
          "legendConfig": {
            "direction": "column",
            "position": "bottom",
            "sortDataKeys": false,
            "showMin": true,
            "showMax": true,
            "showAvg": true,
            "showTotal": true,
            "showLatest": false
          }
        },
        "row": 0,
        "col": 0,
        "id": "541fa2ab-96b4-9e6c-ce37-2fbc82c1361a"
      },
      "4e5d6240-d80d-2169-1556-cbac9c36f61e": {
        "isSystemType": true,
        "bundleAlias": "digital_gauges",
        "typeAlias": "simple_neon_gauge_justgage",
        "type": "latest",
        "title": "New widget",
        "image": null,
        "description": null,
        "sizeX": 3,
        "sizeY": 3,
        "config": {
          "datasources": [
            {
              "type": "entity",
              "name": null,
              "entityAliasId": "6d6c5035-a5a9-27ab-e5e7-69740c0a51c5",
              "filterId": null,
              "dataKeys": [
                {
                  "name": "power",
                  "type": "timeseries",
                  "label": "power",
                  "color": "#2196f3",
                  "settings": {},
                  "_hash": 0.8303344093249923
                }
              ]
            }
          ],
          "timewindow": {
            "displayValue": "",
            "selectedTab": 0,
            "realtime": {
              "realtimeType": 1,
              "interval": 1000,
              "timewindowMs": 60000,
              "quickInterval": "CURRENT_DAY"
            },
            "history": {
              "historyType": 0,
              "interval": 1000,
              "timewindowMs": 60000,
              "fixedTimewindow": {
                "startTimeMs": 1692506047641,
                "endTimeMs": 1692592447641
              },
              "quickInterval": "CURRENT_DAY"
            },
            "aggregation": {
              "type": "AVG",
              "limit": 25000
            }
          },
          "showTitle": false,
          "backgroundColor": "#f7f5f5",
          "color": "rgba(255, 254, 254, 0.87)",
          "padding": "0px",
          "settings": {
            "minValue": 0,
            "maxValue": 100,
            "gaugeType": "donut",
            "donutStartAngle": 90,
            "gaugeWidthScale": 1,
            "neonGlowBrightness": 40,
            "dashThickness": 1.5,
            "roundedLineCap": false,
            "useFixedLevelColor": false,
            "levelColors": [],
            "showTitle": true,
            "title": "Power",
            "titleFont": {
              "family": "Roboto",
              "size": 12,
              "style": "normal",
              "weight": "500",
              "color": null
            },
            "showUnitTitle": false,
            "showTimestamp": false,
            "showValue": true,
            "valueFont": {
              "family": "Segment7Standard",
              "size": 20,
              "style": "normal",
              "weight": "500",
              "color": null
            },
            "showMinMax": true,
            "minMaxFont": {
              "family": "Segment7Standard",
              "size": 12,
              "style": "normal",
              "weight": "500"
            },
            "showTicks": false,
            "animation": true,
            "animationDuration": 500,
            "animationRule": "linear"
          },
          "title": "New Simple neon gauge",
          "dropShadow": true,
          "enableFullscreen": false,
          "titleStyle": {
            "fontSize": "16px",
            "fontWeight": 400
          },
          "widgetStyle": {},
          "useDashboardTimewindow": true,
          "showLegend": false,
          "actions": {},
          "widgetCss": "",
          "pageSize": 1024,
          "noDataDisplayMessage": "",
          "units": "W"
        },
        "row": 0,
        "col": 0,
        "id": "4e5d6240-d80d-2169-1556-cbac9c36f61e"
      },
      "7c92b1a6-2793-8b65-c0c7-8c38f2f380cf": {
        "isSystemType": true,
        "bundleAlias": "cards",
        "typeAlias": "html_value_card",
        "type": "latest",
        "title": "New widget",
        "image": null,
        "description": null,
        "sizeX": 7.5,
        "sizeY": 3,
        "config": {
          "datasources": [
            {
              "type": "entity",
              "name": null,
              "entityAliasId": "7f6c38d6-3177-61ec-2562-a5d35d5ae391",
              "filterId": null,
              "dataKeys": [
                {
                  "name": "address",
                  "type": "attribute",
                  "label": "address",
                  "color": "#2196f3",
                  "settings": {},
                  "_hash": 0.03993047316887033
                },
                {
                  "name": "phone",
                  "type": "attribute",
                  "label": "phone",
                  "color": "#4caf50",
                  "settings": {},
                  "_hash": 0.0986874929815964,
                  "aggregationType": null,
                  "units": null,
                  "decimals": null,
                  "funcBody": null,
                  "usePostProcessing": true,
                  "postFuncBody": "return '<span>' + value + '</span>';"
                },
                {
                  "name": "email",
                  "type": "attribute",
                  "label": "email",
                  "color": "#f44336",
                  "settings": {},
                  "_hash": 0.6917967996304226
                }
              ]
            }
          ],
          "timewindow": {
            "displayValue": "",
            "selectedTab": 0,
            "realtime": {
              "realtimeType": 1,
              "interval": 1000,
              "timewindowMs": 60000,
              "quickInterval": "CURRENT_DAY"
            },
            "history": {
              "historyType": 0,
              "interval": 1000,
              "timewindowMs": 60000,
              "fixedTimewindow": {
                "startTimeMs": 1692506047641,
                "endTimeMs": 1692592447641
              },
              "quickInterval": "CURRENT_DAY"
            },
            "aggregation": {
              "type": "AVG",
              "limit": 25000
            }
          },
          "showTitle": true,
          "backgroundColor": "#fff",
          "color": "rgba(0, 0, 0, 0.87)",
          "padding": "0px",
          "settings": {
            "cardHtml": "<div class='card' id=\"deviceContactInfoCard\">\n    <div class='content'>\n        <div class='column'>\n            <h2>${entityName}</h2>\n            <h3><i class=\"fa fa-map-marker\"></i>Address</h3>\n            <div class='value' id=\"contactAddress\">\n                ${address}\n            </div>    \n            <h3><i class=\"fa fa-phone\"></i>Phone</h3>\n            <div class='value' id=\"contactPhone\">\n               ${phone}\n            </div>    \n            <h3><i class=\"fa fa-envelope\"></i>Email</h3>\n            <div class='value' id=\"contactEmail\">\n               ${email}\n            </div>    \n        </div>\n    </div>\n</div>",
            "cardCss": ".card {\n   width: 100%;\n   height: 100%;\n   box-sizing: border-box;\n}\n\n.card .content {\n   padding: 20px;\n   display: flex;\n   flex-direction: row;\n   align-items: center;\n   height: 100%;\n   box-sizing: border-box;\n}\n\n.card .content .column {\n   display: flex;\n   flex-direction: column;    \n   height: 100%;\n}\n\n.card h1 {\n    text-transform: uppercase;\n    color: #777;\n    font-size: 18px;\n    font-weight: bold;\n    margin: 0;\n    padding-bottom: 6px;\n    line-height: 20px;\n}\n\n.card h2 {\n    color: #333;\n    font-size: 16px;\n    font-weight: bold;\n    margin: 0;\n    padding-bottom: 10px;\n    line-height: 20px;\n}\n\n.card h3 {\n    color: #666;\n    font-size: 14px;\n    font-weight: bold;\n    margin: 0;\n    padding-bottom: 6px;\n    padding-top: 14px;\n    line-height: 18px;\n}\n\n.card .value {\n    font-size: 14px;\n    font-weight: 300;\n}\n\n.card .description {\n    font-size: 20px;\n    color: #999;\n}\n\n.card i.fa {\n    font-size: 20px;\n    padding-right: 10px;\n}\n"
          },
          "title": "Contact Info",
          "dropShadow": false,
          "enableFullscreen": false,
          "widgetStyle": {},
          "titleStyle": {
            "fontSize": "16px",
            "fontWeight": 400
          },
          "useDashboardTimewindow": true,
          "showLegend": false,
          "actions": {},
          "widgetCss": "",
          "pageSize": 1024,
          "noDataDisplayMessage": "",
          "showTitleIcon": false,
          "titleTooltip": ""
        },
        "row": 0,
        "col": 0,
        "id": "7c92b1a6-2793-8b65-c0c7-8c38f2f380cf"
      },
      "242018c3-5f13-ff33-44cb-2f6aad17a4e0": {
        "isSystemType": true,
        "bundleAlias": "charts",
        "typeAlias": "basic_timeseries",
        "type": "timeseries",
        "title": "New widget",
        "image": null,
        "description": null,
        "sizeX": 8,
        "sizeY": 5,
        "config": {
          "datasources": [
            {
              "type": "entity",
              "name": null,
              "entityAliasId": "6d6c5035-a5a9-27ab-e5e7-69740c0a51c5",
              "filterId": null,
              "dataKeys": [
                {
                  "name": "amperage",
                  "type": "timeseries",
                  "label": "Current",
                  "color": "#2196f3",
                  "settings": {},
                  "_hash": 0.7582984338883054,
                  "aggregationType": null,
                  "units": "A",
                  "decimals": 4,
                  "funcBody": null,
                  "usePostProcessing": null,
                  "postFuncBody": null
                },
                {
                  "name": "power",
                  "type": "timeseries",
                  "label": "Power",
                  "color": "#4caf50",
                  "settings": {
                    "hideDataByDefault": false,
                    "disableDataHiding": false,
                    "removeFromLegend": false,
                    "excludeFromStacking": false,
                    "showLines": true,
                    "lineWidth": 1,
                    "fillLines": false,
                    "showPoints": false,
                    "showSeparateAxis": true,
                    "axisTitle": "Power, Watt",
                    "axisPosition": "right",
                    "comparisonSettings": {
                      "showValuesForComparison": true,
                      "comparisonValuesLabel": "",
                      "color": ""
                    },
                    "thresholds": []
                  },
                  "_hash": 0.6241125101466396,
                  "aggregationType": null,
                  "units": "W",
                  "decimals": 2,
                  "funcBody": null,
                  "usePostProcessing": null,
                  "postFuncBody": null
                }
              ],
              "latestDataKeys": []
            }
          ],
          "timewindow": {
            "realtime": {
              "timewindowMs": 60000
            }
          },
          "showTitle": true,
          "backgroundColor": "#fff",
          "color": "rgba(0, 0, 0, 0.87)",
          "padding": "8px",
          "settings": {
            "stack": false,
            "fontSize": 10,
            "fontColor": "#545454",
            "showTooltip": true,
            "tooltipIndividual": false,
            "tooltipCumulative": false,
            "hideZeros": false,
            "grid": {
              "verticalLines": false,
              "horizontalLines": true,
              "outlineWidth": 0,
              "color": "#545454",
              "backgroundColor": null,
              "tickColor": "#DDDDDD"
            },
            "xaxis": {
              "title": null,
              "showLabels": true,
              "color": "#545454"
            },
            "yaxis": {
              "min": null,
              "max": null,
              "title": "Amperage, A",
              "showLabels": true,
              "color": "#545454",
              "tickSize": null,
              "tickDecimals": 2,
              "ticksFormatter": ""
            },
            "shadowSize": 4,
            "smoothLines": true,
            "comparisonEnabled": false,
            "xaxisSecond": {
              "axisPosition": "top",
              "title": null,
              "showLabels": true
            },
            "customLegendEnabled": false
          },
          "title": "Current (Amperage) and Power",
          "dropShadow": false,
          "enableFullscreen": true,
          "titleStyle": {
            "fontSize": "16px",
            "fontWeight": 400
          },
          "useDashboardTimewindow": true,
          "showTitleIcon": false,
          "titleTooltip": "",
          "widgetStyle": {},
          "widgetCss": "",
          "pageSize": 1024,
          "noDataDisplayMessage": "",
          "showLegend": true,
          "legendConfig": {
            "direction": "column",
            "position": "bottom",
            "sortDataKeys": false,
            "showMin": true,
            "showMax": true,
            "showAvg": true,
            "showTotal": false,
            "showLatest": false
          }
        },
        "row": 0,
        "col": 0,
        "id": "242018c3-5f13-ff33-44cb-2f6aad17a4e0"
      },
      "89530e79-e963-f089-f830-0e511809e963": {
        "isSystemType": true,
        "bundleAlias": "charts",
        "typeAlias": "basic_timeseries",
        "type": "timeseries",
        "title": "New widget",
        "image": null,
        "description": null,
        "sizeX": 8,
        "sizeY": 5,
        "config": {
          "datasources": [
            {
              "type": "entity",
              "name": null,
              "entityAliasId": "6d6c5035-a5a9-27ab-e5e7-69740c0a51c5",
              "filterId": null,
              "dataKeys": [
                {
                  "name": "voltage",
                  "type": "timeseries",
                  "label": "Voltage",
                  "color": "#2196f3",
                  "settings": {},
                  "_hash": 0.17410311787379307,
                  "aggregationType": null,
                  "units": null,
                  "decimals": null,
                  "funcBody": null,
                  "usePostProcessing": null,
                  "postFuncBody": null
                },
                {
                  "name": "frequency",
                  "type": "timeseries",
                  "label": "Frequency",
                  "color": "#4caf50",
                  "settings": {
                    "hideDataByDefault": false,
                    "disableDataHiding": false,
                    "removeFromLegend": false,
                    "excludeFromStacking": false,
                    "showLines": true,
                    "lineWidth": 1,
                    "fillLines": false,
                    "showPoints": false,
                    "showSeparateAxis": true,
                    "axisTitle": "Frequency, Hz",
                    "axisPosition": "right",
                    "axisTickDecimals": 1,
                    "comparisonSettings": {
                      "showValuesForComparison": true,
                      "comparisonValuesLabel": "",
                      "color": ""
                    },
                    "thresholds": []
                  },
                  "_hash": 0.4663441333462197,
                  "aggregationType": null,
                  "units": "Hz",
                  "decimals": 2,
                  "funcBody": null,
                  "usePostProcessing": null,
                  "postFuncBody": null
                }
              ],
              "latestDataKeys": []
            }
          ],
          "timewindow": {
            "realtime": {
              "timewindowMs": 60000
            }
          },
          "showTitle": true,
          "backgroundColor": "#fff",
          "color": "rgba(0, 0, 0, 0.87)",
          "padding": "8px",
          "settings": {
            "stack": false,
            "fontSize": 10,
            "fontColor": "#545454",
            "showTooltip": true,
            "tooltipIndividual": false,
            "tooltipCumulative": false,
            "hideZeros": false,
            "grid": {
              "verticalLines": false,
              "horizontalLines": true,
              "outlineWidth": 0,
              "color": "#545454",
              "backgroundColor": null,
              "tickColor": "#DDDDDD"
            },
            "xaxis": {
              "title": null,
              "showLabels": true,
              "color": "#545454"
            },
            "yaxis": {
              "min": null,
              "max": null,
              "title": "Voltage, V",
              "showLabels": true,
              "color": "#545454",
              "tickSize": null,
              "tickDecimals": 1,
              "ticksFormatter": ""
            },
            "shadowSize": 4,
            "smoothLines": false,
            "comparisonEnabled": false,
            "xaxisSecond": {
              "axisPosition": "top",
              "title": null,
              "showLabels": true
            },
            "customLegendEnabled": false
          },
          "title": "Voltage and Frequency",
          "dropShadow": false,
          "enableFullscreen": true,
          "titleStyle": {
            "fontSize": "16px",
            "fontWeight": 400
          },
          "useDashboardTimewindow": false,
          "displayTimewindow": true,
          "showTitleIcon": false,
          "titleTooltip": "",
          "widgetStyle": {},
          "widgetCss": "",
          "pageSize": 1024,
          "noDataDisplayMessage": "",
          "showLegend": true,
          "legendConfig": {
            "direction": "column",
            "position": "bottom",
            "sortDataKeys": false,
            "showMin": true,
            "showMax": true,
            "showAvg": true,
            "showTotal": false,
            "showLatest": false
          }
        },
        "row": 0,
        "col": 0,
        "id": "89530e79-e963-f089-f830-0e511809e963"
      },
      "5369813b-9732-4cce-dbd0-1eb875832e11": {
        "isSystemType": true,
        "bundleAlias": "digital_gauges",
        "typeAlias": "vertical_bar_justgage",
        "type": "latest",
        "title": "New widget",
        "image": null,
        "description": null,
        "sizeX": 2,
        "sizeY": 3.5,
        "config": {
          "datasources": [
            {
              "type": "entity",
              "name": null,
              "entityAliasId": "6d6c5035-a5a9-27ab-e5e7-69740c0a51c5",
              "filterId": null,
              "dataKeys": [
                {
                  "name": "voltage",
                  "type": "timeseries",
                  "label": "voltage",
                  "color": "#2196f3",
                  "settings": {},
                  "_hash": 0.9525050610755874
                }
              ]
            }
          ],
          "timewindow": {
            "displayValue": "",
            "selectedTab": 0,
            "realtime": {
              "realtimeType": 1,
              "interval": 1000,
              "timewindowMs": 60000,
              "quickInterval": "CURRENT_DAY"
            },
            "history": {
              "historyType": 0,
              "interval": 1000,
              "timewindowMs": 60000,
              "fixedTimewindow": {
                "startTimeMs": 1692506047641,
                "endTimeMs": 1692592447641
              },
              "quickInterval": "CURRENT_DAY"
            },
            "aggregation": {
              "type": "AVG",
              "limit": 25000
            }
          },
          "showTitle": false,
          "backgroundColor": "#ffffff",
          "color": "rgba(0, 0, 0, 0.87)",
          "padding": "0px",
          "settings": {
            "minValue": 230,
            "maxValue": 250,
            "gaugeType": "verticalBar",
            "gaugeWidthScale": 0.75,
            "neonGlowBrightness": 0,
            "dashThickness": 1.2,
            "roundedLineCap": false,
            "gaugeColor": "#eeeeee",
            "useFixedLevelColor": false,
            "levelColors": [],
            "showTitle": true,
            "title": "Voltage",
            "titleFont": {
              "family": "Roboto",
              "size": 8,
              "style": "normal",
              "weight": "500",
              "color": "#999999"
            },
            "showUnitTitle": false,
            "showTimestamp": false,
            "showValue": true,
            "valueFont": {
              "family": "Roboto",
              "style": "normal",
              "weight": "500",
              "size": 12,
              "color": "#666666"
            },
            "showMinMax": true,
            "minMaxFont": {
              "family": "Roboto",
              "size": 8,
              "style": "normal",
              "weight": "500",
              "color": "#666666"
            },
            "showTicks": false,
            "animation": true,
            "animationDuration": 500,
            "animationRule": "linear"
          },
          "title": "New Vertical bar",
          "dropShadow": false,
          "enableFullscreen": false,
          "titleStyle": {
            "fontSize": "16px",
            "fontWeight": 400
          },
          "useDashboardTimewindow": true,
          "widgetStyle": {},
          "widgetCss": "",
          "pageSize": 1024,
          "units": "V",
          "decimals": 2,
          "noDataDisplayMessage": "",
          "showLegend": false
        },
        "row": 0,
        "col": 0,
        "id": "5369813b-9732-4cce-dbd0-1eb875832e11"
      },
      "aeee91ee-b68f-b22d-8734-59b0baea4f2c": {
        "isSystemType": true,
        "bundleAlias": "digital_gauges",
        "typeAlias": "vertical_bar_justgage",
        "type": "latest",
        "title": "New widget",
        "image": null,
        "description": null,
        "sizeX": 2,
        "sizeY": 3.5,
        "config": {
          "datasources": [
            {
              "type": "entity",
              "name": null,
              "entityAliasId": "6d6c5035-a5a9-27ab-e5e7-69740c0a51c5",
              "filterId": null,
              "dataKeys": [
                {
                  "name": "frequency",
                  "type": "timeseries",
                  "label": "frequency",
                  "color": "#2196f3",
                  "settings": {},
                  "_hash": 0.3713453933692843
                }
              ]
            }
          ],
          "timewindow": {
            "displayValue": "",
            "selectedTab": 0,
            "realtime": {
              "realtimeType": 1,
              "interval": 1000,
              "timewindowMs": 60000,
              "quickInterval": "CURRENT_DAY"
            },
            "history": {
              "historyType": 0,
              "interval": 1000,
              "timewindowMs": 60000,
              "fixedTimewindow": {
                "startTimeMs": 1692506047641,
                "endTimeMs": 1692592447641
              },
              "quickInterval": "CURRENT_DAY"
            },
            "aggregation": {
              "type": "AVG",
              "limit": 25000
            }
          },
          "showTitle": false,
          "backgroundColor": "#ffffff",
          "color": "rgba(0, 0, 0, 0.87)",
          "padding": "0px",
          "settings": {
            "minValue": 45,
            "maxValue": 65,
            "gaugeType": "verticalBar",
            "gaugeWidthScale": 0.75,
            "neonGlowBrightness": 0,
            "dashThickness": 1.2,
            "roundedLineCap": false,
            "gaugeColor": "#eeeeee",
            "useFixedLevelColor": false,
            "levelColors": [],
            "showTitle": true,
            "title": "frequency",
            "titleFont": {
              "family": "Roboto",
              "size": 8,
              "style": "normal",
              "weight": "500",
              "color": "#999999"
            },
            "showUnitTitle": false,
            "showTimestamp": false,
            "showValue": true,
            "valueFont": {
              "family": "Roboto",
              "style": "normal",
              "weight": "500",
              "size": 12,
              "color": "#666666"
            },
            "showMinMax": true,
            "minMaxFont": {
              "family": "Roboto",
              "size": 12,
              "style": "normal",
              "weight": "500",
              "color": "#666666"
            },
            "showTicks": false,
            "animation": true,
            "animationDuration": 500,
            "animationRule": "linear"
          },
          "title": "New Vertical bar",
          "dropShadow": false,
          "enableFullscreen": false,
          "titleStyle": {
            "fontSize": "16px",
            "fontWeight": 400
          },
          "useDashboardTimewindow": true,
          "widgetStyle": {},
          "widgetCss": "",
          "pageSize": 1024,
          "noDataDisplayMessage": "",
          "showLegend": false,
          "units": "Hz",
          "decimals": 2
        },
        "row": 0,
        "col": 0,
        "id": "aeee91ee-b68f-b22d-8734-59b0baea4f2c"
      },
      "fe30626c-6b91-b78d-3072-3ba08b2068df": {
        "isSystemType": true,
        "bundleAlias": "alarm_widgets",
        "typeAlias": "alarms_table",
        "type": "alarm",
        "title": "New widget",
        "image": null,
        "description": null,
        "sizeX": 10.5,
        "sizeY": 6.5,
        "config": {
          "timewindow": {
            "realtime": {
              "interval": 1000,
              "timewindowMs": 86400000
            },
            "aggregation": {
              "type": "NONE",
              "limit": 200
            }
          },
          "showTitle": true,
          "backgroundColor": "rgb(255, 255, 255)",
          "color": "rgba(0, 0, 0, 0.87)",
          "padding": "4px",
          "settings": {
            "alarmsTitle": "${entityName}: Alarms",
            "enableSelection": true,
            "enableSearch": true,
            "enableSelectColumnDisplay": true,
            "enableFilter": true,
            "enableStickyHeader": true,
            "enableStickyAction": true,
            "reserveSpaceForHiddenAction": "true",
            "displayDetails": false,
            "allowAcknowledgment": true,
            "allowClear": true,
            "displayPagination": true,
            "defaultPageSize": 10,
            "defaultSortOrder": "-createdTime",
            "useRowStyleFunction": false
          },
          "title": "New Alarms table",
          "dropShadow": true,
          "enableFullscreen": true,
          "titleStyle": {
            "fontSize": "16px",
            "fontWeight": 400,
            "padding": "5px 10px 5px 10px"
          },
          "useDashboardTimewindow": false,
          "showLegend": false,
          "alarmSource": {
            "type": "entity",
            "name": null,
            "entityAliasId": "6d6c5035-a5a9-27ab-e5e7-69740c0a51c5",
            "filterId": null,
            "dataKeys": [
              {
                "name": "createdTime",
                "type": "alarm",
                "label": "Created time",
                "color": "#2196f3",
                "settings": {
                  "useCellStyleFunction": false,
                  "cellStyleFunction": "",
                  "useCellContentFunction": false,
                  "cellContentFunction": ""
                },
                "_hash": 0.021092237451093787
              },
              {
                "name": "originator",
                "type": "alarm",
                "label": "Originator",
                "color": "#4caf50",
                "settings": {
                  "useCellStyleFunction": false,
                  "cellStyleFunction": "",
                  "useCellContentFunction": false,
                  "cellContentFunction": ""
                },
                "_hash": 0.2780007688856758
              },
              {
                "name": "type",
                "type": "alarm",
                "label": "Type",
                "color": "#f44336",
                "settings": {
                  "useCellStyleFunction": false,
                  "cellStyleFunction": "",
                  "useCellContentFunction": false,
                  "cellContentFunction": ""
                },
                "_hash": 0.7323586880398418
              },
              {
                "name": "severity",
                "type": "alarm",
                "label": "Severity",
                "color": "#ffc107",
                "settings": {
                  "useCellStyleFunction": false,
                  "useCellContentFunction": false
                },
                "_hash": 0.09927019860088193
              },
              {
                "name": "status",
                "type": "alarm",
                "label": "Status",
                "color": "#607d8b",
                "settings": {
                  "useCellStyleFunction": false,
                  "cellStyleFunction": "",
                  "useCellContentFunction": false,
                  "cellContentFunction": ""
                },
                "_hash": 0.6588418951443418
              }
            ]
          },
          "alarmSearchStatus": "ANY",
          "alarmsPollingInterval": 5,
          "showTitleIcon": false,
          "titleIcon": "more_horiz",
          "iconColor": "rgba(0, 0, 0, 0.87)",
          "iconSize": "24px",
          "titleTooltip": "",
          "widgetStyle": {},
          "displayTimewindow": true,
          "actions": {},
          "alarmStatusList": [
            "ACTIVE",
            "CLEARED"
          ],
          "alarmSeverityList": [],
          "alarmTypeList": [],
          "searchPropagatedAlarms": true,
          "datasources": []
        },
        "row": 0,
        "col": 0,
        "id": "fe30626c-6b91-b78d-3072-3ba08b2068df"
      },
      "25060085-5fd8-51f2-adb1-692d92c9d3d0": {
        "isSystemType": true,
        "bundleAlias": "control_widgets",
        "typeAlias": "switch_control",
        "type": "rpc",
        "title": "New widget",
        "image": null,
        "description": null,
        "sizeX": 4,
        "sizeY": 2.5,
        "config": {
          "targetDeviceAliases": [],
          "showTitle": false,
          "backgroundColor": "#e6e7e8",
          "color": "rgba(0, 0, 0, 0.87)",
          "padding": "0px",
          "settings": {
            "requestTimeout": 500,
            "initialValue": false,
            "getValueMethod": "getValue",
            "setValueMethod": "setValue",
            "showOnOffLabels": true,
            "title": "Switch control"
          },
          "title": "New Switch Control",
          "dropShadow": true,
          "enableFullscreen": false,
          "widgetStyle": {},
          "titleStyle": {
            "fontSize": "16px",
            "fontWeight": 400
          },
          "useDashboardTimewindow": true,
          "showLegend": false,
          "actions": {},
          "decimals": 2,
          "datasources": [],
          "targetDeviceAliasIds": [
            "ba1e7afd-a8df-f6a8-2b00-fa4e32afe1d4"
          ]
        },
        "row": 0,
        "col": 0,
        "id": "25060085-5fd8-51f2-adb1-692d92c9d3d0"
      }
    },
    "states": {
      "default": {
        "name": "Home-1",
        "root": true,
        "layouts": {
          "main": {
            "widgets": {
              "25060085-5fd8-51f2-adb1-692d92c9d3d0": {
                "sizeX": 4,
                "sizeY": 2,
                "row": 0,
                "col": 0
              }
            },
            "gridSettings": {
              "backgroundColor": "#eeeeee",
              "columns": 24,
              "margin": 10,
              "backgroundSizeMode": "100%"
            }
          }
        }
      },
      "switch1": {
        "name": "Switch1: ${entityName}",
        "root": false,
        "layouts": {
          "main": {
            "widgets": {
              "f2c54c13-ddcf-12ce-eb75-b6dc5708793a": {
                "sizeX": 4,
                "sizeY": 4,
                "row": 0,
                "col": 24
              },
              "8707dc2a-2700-51b5-b2c2-67b1e85f68d4": {
                "sizeX": 6,
                "sizeY": 6,
                "row": 0,
                "col": 0
              },
              "541fa2ab-96b4-9e6c-ce37-2fbc82c1361a": {
                "sizeX": 9,
                "sizeY": 6,
                "row": 0,
                "col": 6
              },
              "4e5d6240-d80d-2169-1556-cbac9c36f61e": {
                "sizeX": 4,
                "sizeY": 4,
                "row": 4,
                "col": 24
              },
              "7c92b1a6-2793-8b65-c0c7-8c38f2f380cf": {
                "sizeX": 4,
                "sizeY": 8,
                "row": 6,
                "col": 0
              },
              "242018c3-5f13-ff33-44cb-2f6aad17a4e0": {
                "sizeX": 9,
                "sizeY": 6,
                "row": 0,
                "col": 15
              },
              "89530e79-e963-f089-f830-0e511809e963": {
                "sizeX": 9,
                "sizeY": 8,
                "row": 6,
                "col": 13
              },
              "5369813b-9732-4cce-dbd0-1eb875832e11": {
                "sizeX": 3,
                "sizeY": 6,
                "row": 8,
                "col": 22
              },
              "aeee91ee-b68f-b22d-8734-59b0baea4f2c": {
                "sizeX": 3,
                "sizeY": 6,
                "row": 8,
                "col": 25
              },
              "fe30626c-6b91-b78d-3072-3ba08b2068df": {
                "sizeX": 9,
                "sizeY": 8,
                "row": 6,
                "col": 4
              }
            },
            "gridSettings": {
              "backgroundColor": "#eeeeee",
              "columns": 24,
              "margin": 10,
              "backgroundSizeMode": "100%"
            }
          }
        }
      }
    },
    "entityAliases": {
      "7f6c38d6-3177-61ec-2562-a5d35d5ae391": {
        "id": "7f6c38d6-3177-61ec-2562-a5d35d5ae391",
        "alias": "Home",
        "filter": {
          "type": "singleEntity",
          "resolveMultiple": true,
          "singleEntity": {
            "entityType": "ASSET",
            "id": "feaff160-c6e4-11ed-ae74-db5ae19db63f"
          }
        }
      },
      "6d6c5035-a5a9-27ab-e5e7-69740c0a51c5": {
        "id": "6d6c5035-a5a9-27ab-e5e7-69740c0a51c5",
        "alias": "Devices",
        "filter": {
          "type": "stateEntity",
          "resolveMultiple": true,
          "stateEntityParamName": null,
          "defaultStateEntity": null
        }
      },
      "ba1e7afd-a8df-f6a8-2b00-fa4e32afe1d4": {
        "id": "ba1e7afd-a8df-f6a8-2b00-fa4e32afe1d4",
        "alias": "Device",
        "filter": {
          "type": "singleEntity",
          "resolveMultiple": false,
          "singleEntity": {
            "entityType": "DEVICE",
            "id": "3268f410-eb30-11ed-ae74-db5ae19db63f"
          }
        }
      }
    },
    "filters": {},
    "timewindow": {
      "displayValue": "",
      "hideInterval": false,
      "hideLastInterval": false,
      "hideQuickInterval": false,
      "hideAggregation": false,
      "hideAggInterval": false,
      "hideTimezone": false,
      "selectedTab": 0,
      "realtime": {
        "realtimeType": 0,
        "interval": 1000,
        "timewindowMs": 60000,
        "quickInterval": "CURRENT_DAY"
      },
      "history": {
        "historyType": 0,
        "interval": 1000,
        "timewindowMs": 60000,
        "fixedTimewindow": {
          "startTimeMs": 1678903880105,
          "endTimeMs": 1678990280105
        },
        "quickInterval": "CURRENT_DAY"
      },
      "aggregation": {
        "type": "AVG",
        "limit": 25000
      }
    },
    "settings": {
      "stateControllerId": "entity",
      "showTitle": false,
      "showDashboardsSelect": true,
      "showEntitiesSelect": true,
      "showDashboardTimewindow": true,
      "showDashboardExport": true,
      "toolbarAlwaysOpen": true
    }
  },
  "externalId": null,
  "name": "Home1"
}